Sprint,SDLC_Phase,Phase,Duration (Weeks),Start Week,End Week,Activities,Deliverables
Sprint 0,Planning & Requirements,Phase 1,1,1,1,"Requirements Validation, Backlog Grooming, Agile Board Setup, Definition of Done","Requirements Sign-off, Sprint Planning Documents"
Sprint 1,Development & Implementation,Phase 1,2,2,3,"User Registration, KYC Workflow, 2FA Authentication, Multi-Language UI","User Registration Module, KYC Integration, Source Code, Unit Tests"
Sprint 2,Development & Implementation,Phase 1,2,4,5,"Secret Key Generation, Bitcoin Payment Processing, Transaction Address Generation","Bitcoin Wallet Module, Address Generation Service, Test Reports"
Sprint 3,Development & Implementation,Phase 1,2,6,7,"Solana Payment Processing, Gas Fee Handling, Multi-Chain Support Framework","Solana Integration, Fee Calculator, Code Review Reports"
Sprint 4,Development & Integration,Phase 1,2,8,9,"Payment Confirmation, Email Notifications, Transaction History Dashboard","Merchant Portal (Phase 1), Transaction Dashboard, User Guide"
Sprint 5,Development & Implementation,Phase 1,2,10,11,"Withdrawal Functionality, Vault System Integration, HSM Setup","Withdrawal Module, Vault Integration, Security Documentation"
Sprint 6,Testing & Deployment,Phase 1,2,12,13,"UAT Preparation, Systems Testing, Bug Fixes, Phase 1 Go-Live","UAT Reports, Defect Summary, Phase 1 Deployment Guide"
Sprint 7,Development & Implementation,Phase 2,2,14,15,"Ethereum Integration, ERC-20 Token Support, USDT/USDC on Ethereum","Ethereum Module, Token Support, Smart Contract Integration"
Sprint 8,Development & Implementation,Phase 2,2,16,17,"Polygon Integration, BSC Support, Multi-Chain Transaction Routing","Polygon & BSC Modules, Cross-chain Support, Test Execution Reports"
Sprint 9,Development & Implementation,Phase 2,2,18,19,"Tron Integration, Stablecoin Support Across Chains, Platform Fee Configuration","Tron Module, Fee Engine, Configuration Tools"
Sprint 10,Development & Integration,Phase 2,2,20,21,"Payment Widget, CMS Integration APIs, SDK Development (Node.js, Python, Java, Go)","Payment Widget, CMS Plugins, API Documentation, SDK Packages"
Sprint 11,Development & Integration,Phase 2,2,22,23,"Admin Dashboard, User Management, Asset Transfer Panel, Audit Logging","Admin Portal, Compliance Module, Audit Reports"
Sprint 12,Testing & Deployment,Phase 2,2,24,25,"Final UAT, AML Compliance, Production Deployment, Knowledge Transfer","Final UAT Reports, Production Deployment, User & Developer Guides"
